0,2.385e-06
3.996,4.835e-06
7.998,6.795e-06
12,7.773e-06
15.996,1.394e-06
19.998,2.373e-06
24,2.861e-06
27.996,3.349e-06
31.998,3.346e-06
36,3.834e-06
39.996,6.285e-06
43.998,5.792e-06
48,8.242e-06
51.996,9.221e-06
55.998,3.7666e-05
60,5.2876e-05
63.996,3.2266e-05
67.998,3.0306e-05
72,2.4906e-05
75.996,2.1476e-05
79.998,1.9996e-05
84,1.9996e-05
87.996,2.3916e-05
91.998,1.9006e-05
96,1.6066e-05
99.996,2.1946e-05
104,1.9496e-05
108,1.5076e-05
112,1.2126e-05
116,9.673e-06
120,1.0162e-05
124,7.216e-06
128,6.723e-06
132,4.758e-06
136,3.774e-06
140,3.281e-06
144,3.279e-06
148,3.767e-06
152,3.765e-06
156,2.291e-06
160,2.78e-06
164,2.287e-06
168,2.284e-06
172,1.792e-06
176,1.789e-06
180,2.277e-06
184,2.274e-06
188,2.272e-06
192,2.76e-06
196,2.267e-06
200,2.264e-06
204,2.752e-06
208,2.749e-06
212,2.747e-06
216,2.744e-06
220,2.25e-06
224,2.248e-06
228,2.245e-06
232,1.752e-06
236,2.731e-06
240,2.238e-06
244,2.726e-06
248,3.213e-06
252,3.211e-06
256,3.209e-06
260,3.205e-06
264,3.203e-06
268,3.2e-06
272,2.707e-06
276,2.705e-06
280,2.211e-06
284,2.209e-06
288,2.206e-06
292,2.204e-06
296,2.201e-06
300,1.707e-06
304,2.195e-06
308,2.193e-06
312,2.68e-06
316,2.678e-06
320,3.166e-06
324,3.654e-06
328,3.65e-06
332,4.629e-06
336,4.136e-06
340,4.624e-06
344,4.62e-06
348,4.618e-06
352,4.615e-06
356,5.103e-06
360,4.61e-06
364,4.607e-06
368,5.585e-06
372,6.072e-06
376,5.579e-06
380,6.558e-06
384,6.555e-06
388,7.043e-06
392,7.53e-06
396,7.527e-06
400,7.525e-06
404,8.013e-06
408,8.5e-06
412,8.497e-06
416,9.475e-06
420,9.962e-06
424,1.0446e-05
428,1.0936e-05
432,1.1426e-05
436,1.1916e-05
440,1.2886e-05
444,1.3376e-05
448,1.3376e-05
452,1.4356e-05
456,1.4346e-05
460,1.4836e-05
464,1.5816e-05
468,1.6796e-05
472,1.7276e-05
476,1.6786e-05
480,1.7766e-05
484,1.8256e-05
488,1.9716e-05
492,2.0696e-05
496,2.1186e-05
500,2.2166e-05
504,2.4606e-05
508,2.5096e-05
512,2.6076e-05
516,2.6076e-05
520,2.6066e-05
524,2.7536e-05
528,2.8026e-05
532,2.8506e-05
536,3.0466e-05
540,3.1446e-05
544,3.2906e-05
548,3.3396e-05
552,3.3886e-05
556,3.4866e-05
560,3.6326e-05
564,3.7306e-05
568,3.8776e-05
572,4.0736e-05
576,4.1716e-05
580,4.3176e-05
584,4.4156e-05
588,4.4646e-05
592,4.7096e-05
596,4.7576e-05
600,4.8066e-05
604,4.8556e-05
608,4.9036e-05
612,4.9526e-05
616,5.0996e-05
620,5.2956e-05
624,5.3446e-05
628,5.3926e-05
632,5.6376e-05
636,5.7356e-05
640,5.7846e-05
644,5.8826e-05
648,5.9796e-05
652,6.1266e-05
656,6.3706e-05
660,6.4196e-05
664,6.5176e-05
668,6.5176e-05
672,6.7616e-05
676,6.8106e-05
680,6.9086e-05
684,7.0066e-05
688,7.1536e-05
692,7.2016e-05
696,7.3486e-05
700,7.4956e-05
704,7.6426e-05
708,7.7886e-05
712,7.9856e-05
716,8.3276e-05
720,8.2786e-05
724,8.6216e-05
728,8.6706e-05
732,8.6696e-05
736,8.7676e-05
740,8.7676e-05
744,8.9146e-05
748,8.9636e-05
752,9.1096e-05
756,9.1096e-05
760,9.2566e-05
764,9.3546e-05
768,9.5006e-05
772,9.5996e-05
776,9.6976e-05
780,9.8436e-05
784,0.00010043
788,0.00010183
792,0.00010383
796,0.00010433
800,0.00010623
804,0.00010673
808,0.00010773
812,0.00010923
816,0.00011063
820,0.00011253
824,0.00011403
828,0.00011493
832,0.00011543
836,0.00011643
840,0.00011743
844,0.00011743
848,0.00011883
852,0.00012033
856,0.00012133
860,0.00012233
864,0.00012323
868,0.00012423
872,0.00012523
876,0.00012573
880,0.00012623
884,0.00012723
888,0.00012863
892,0.00012963
896,0.00013013
900,0.00013063
904,0.00013163
908,0.00013153
912,0.00013153
916,0.00013203
920,0.00013203
924,0.00013203
928,0.00013103
932,0.00013153
936,0.00013063
940,0.00013013
944,0.00013063
948,0.00013013
952,0.00013013
956,0.00012913
960,0.00012913
964,0.00012913
968,0.00012913
972,0.00012813
976,0.00012813
980,0.00012773
984,0.00012773
988,0.00012773
992,0.00012773
996,0.00012723
1000,0.00012723
1004,0.00012773
1008,0.00012773
1012,0.00012823
1016,0.00012923
1020,0.00012923
1024,0.00012973
1028,0.00013013
1032,0.00013113
1036,0.00013263
1040,0.00013453
1044,0.00013553
1048,0.00013803
1052,0.00013893
1056,0.00013703
1060,0.00013553
1064,0.00013503
1068,0.00013653
1072,0.00013603
1076,0.00013803
1080,0.00013943
1084,0.00013943
1088,0.00013943
1092,0.00014093
1096,0.00014043
1100,0.00014093
1104,0.00014143
1108,0.00014183
1112,0.00014333
1116,0.00014483
1120,0.00014583
1124,0.00014623
1128,0.00014873
1132,0.00015023
1136,0.00015023
1140,0.00015113
1144,0.00015113
1148,0.00015213
1152,0.00015263
1156,0.00015413
1160,0.00015503
1164,0.00015603
1168,0.00015753
1172,0.00015853
1176,0.00015993
1180,0.00016093
1184,0.00016193
1188,0.00016243
1192,0.00016433
1196,0.00016633
1200,0.00016633
1204,0.00016783
1208,0.00016833
1212,0.00016873
1216,0.00016923
1220,0.00017073
1224,0.00017173
1228,0.00017273
1232,0.00017363
1236,0.00017463
1240,0.00017513
1244,0.00017613
1248,0.00017713
1252,0.00017803
1256,0.00017853
1260,0.00017903
1264,0.00018003
1268,0.00018103
1272,0.00018243
1276,0.00018393
1280,0.00018493
1284,0.00018683
1288,0.00018783
1292,0.00018883
1296,0.00019033
1300,0.00019223
1304,0.00019373
1308,0.00019513
1312,0.00019563
1316,0.00019813
1320,0.00019763
1324,0.00019813
1328,0.00019813
1332,0.00019913
1336,0.00019953
1340,0.00020103
1344,0.00020203
1348,0.00020353
1352,0.00020393
1356,0.00020443
1360,0.00020593
1364,0.00020693
1368,0.00020933
1372,0.00021083
1376,0.00021133
1380,0.00021273
1384,0.00021273
1388,0.00021423
1392,0.00021523
1396,0.00021623
1400,0.00021763
1404,0.00021813
1408,0.00021913
1412,0.00022113
1416,0.00022163
1420,0.00022353
1424,0.00022403
1428,0.00022453
1432,0.00022553
1436,0.00022693
1440,0.00022793
1444,0.00022893
1448,0.00023043
1452,0.00023083
1456,0.00023183
1460,0.00023233
1464,0.00023333
1468,0.00023483
1472,0.00023773
1476,0.00023873
1480,0.00023923
1484,0.00024013
1488,0.00024163
1492,0.00024453
1496,0.00024503
1500,0.00024703
1504,0.00024893
1508,0.00025043
1512,0.00025243
1516,0.00025533
1520,0.00026513
1524,0.00026073
1528,0.00025923
1532,0.00025733
1536,0.00025773
1540,0.00025733
1544,0.00025823
1548,0.00026023
1552,0.00026213
1556,0.00026313
1560,0.00026463
1564,0.00026513
1568,0.00026663
1572,0.00026903
1576,0.00026903
1580,0.00026953
1584,0.00027193
1588,0.00027293
1592,0.00027443
1596,0.00027493
1600,0.00027493
1604,0.00027733
1608,0.00027783
1612,0.00027983
1616,0.00028023
1620,0.00028123
1624,0.00028273
1628,0.00028463
1632,0.00028863
1636,0.00029253
1640,0.00029053
1644,0.00029253
1648,0.00029153
1652,0.00029103
1656,0.00029203
1660,0.00029303
1664,0.00029403
1668,0.00029443
1672,0.00029643
1676,0.00029693
1680,0.00029883
1684,0.00030083
1688,0.00030183
1692,0.00030233
1696,0.00030233
1700,0.00030523
1704,0.00030623
1708,0.00030813
1712,0.00030963
1716,0.00031013
1720,0.00031163
1724,0.00031213
1728,0.00031253
1732,0.00031403
1736,0.00031653
1740,0.00031793
1744,0.00031893
1748,0.00031993
1752,0.00032233
1756,0.00032673
1760,0.00032923
1764,0.00033213
1768,0.00033113
1772,0.00033163
1776,0.00033023
1780,0.00033023
1784,0.00033163
1788,0.00033363
1792,0.00033513
1796,0.00033753
1800,0.00034003
1804,0.00034043
1808,0.00034043
1812,0.00033993
1816,0.00034143
1820,0.00034193
1824,0.00034533
1828,0.00034633
1832,0.00034833
1836,0.00034923
1840,0.00035073
1844,0.00035273
1848,0.00035363
1852,0.00035563
1856,0.00035713
1860,0.00035853
1864,0.00036053
1868,0.00036153
1872,0.00036343
1876,0.00036643
1880,0.00036883
1884,0.00036783
1888,0.00036933
1892,0.00036983
1896,0.00037223
1900,0.00037423
1904,0.00037523
1908,0.00037423
1912,0.00037423
1916,0.00037723
1920,0.00037813
1924,0.00037963
1928,0.00037813
1932,0.00038013
1936,0.00038063
1940,0.00038063
1944,0.00038163
1948,0.00038253
1952,0.00038453
1956,0.00038743
1960,0.00038893
1964,0.00038893
1968,0.00038943
1972,0.00039233
1976,0.00039333
1980,0.00039433
1984,0.00039533
1988,0.00039773
1992,0.00039973
1996,0.00040063
2000,0.00039973
2004,0.00039823
2008,0.00039823
2012,0.00039723
2016,0.00040163
2020,0.00040413
2024,0.00040703
2028,0.00041343
2032,0.00041533
2036,0.00041393
2040,0.00041143
2044,0.00041053
2048,0.00041293
2052,0.00041343
2056,0.00041543
2060,0.00041543
2064,0.00041493
2068,0.00041583
2072,0.00041633
2076,0.00041533
2080,0.00041533
2084,0.00041833
2088,0.00042323
2092,0.00042473
2096,0.00042473
2100,0.00042663
2104,0.00042863
2108,0.00043303
2112,0.00044083
2116,0.00043743
2120,0.00043203
2124,0.00042963
2128,0.00042763
2132,0.00042863
2136,0.00043303
2140,0.00043453
2144,0.00043493
2148,0.00043553
2152,0.00043693
2156,0.00043643
2160,0.00043743
2164,0.00043693
2168,0.00043893
2172,0.00044083
2176,0.00044183
2180,0.00044433
2184,0.00045753
2188,0.00047373
2192,0.00047373
2196,0.00045953
2200,0.00045363
2204,0.00045113
2208,0.00045263
2212,0.00045363
2216,0.00045413
2220,0.00045413
2224,0.00045463
2228,0.00045563
2232,0.00045653
2236,0.00045853
2240,0.00045853
2244,0.00046003
2248,0.00046243
2252,0.00046343
2256,0.00046443
2260,0.00046293
2264,0.00046293
2268,0.00046293
2272,0.00046443
2276,0.00046593
2280,0.00046743
2284,0.00046793
2288,0.00046883
2292,0.00047133
2296,0.00047133
2300,0.00047233
2304,0.00047083
2308,0.00046933
2312,0.00046843
2316,0.00046943
2320,0.00046943
2324,0.00046743
2328,0.00046693
2332,0.00046943
2336,0.00047133
2340,0.00047133
2344,0.00047083
2348,0.00047083
2352,0.00047183
2356,0.00047283
2360,0.00047043
2364,0.00047043
2368,0.00047333
2372,0.00047283
2376,0.00047333
2380,0.00047283
2384,0.00047243
2388,0.00047433
2392,0.00047533
2396,0.00047493
2400,0.00047633
2404,0.00047533
2408,0.00047683
2412,0.00047783
2416,0.00048083
2420,0.00048123
2424,0.00048323
2428,0.00048373
2432,0.00048713
2436,0.00048713
2440,0.00048763
2444,0.00048713
2448,0.00048853
2452,0.00049003
2456,0.00049003
2460,0.00049593
2464,0.00049583
2468,0.00049343
2472,0.00049443
2476,0.00049343
2480,0.00049583
2484,0.00049783
2488,0.00050273
2492,0.00050413
2496,0.00050073
2500,0.00050463
2504,0.00050753
2508,0.00050953
2512,0.00050903
2516,0.00050953
2520,0.00050853
2524,0.00050953
2528,0.00050803
2532,0.00050943
2536,0.00051043
2540,0.00051043
2544,0.00051193
2548,0.00051433
2552,0.00051383
2556,0.00051383
2560,0.00051483
2564,0.00051533
2568,0.00051783
2572,0.00052123
2576,0.00052173
2580,0.00052663
2584,0.00052213
2588,0.00052163
2592,0.00052123
2596,0.00052163
2600,0.00052163
2604,0.00051973
2608,0.00052263
2612,0.00052363
2616,0.00052713
2620,0.00053003
2624,0.00052953
2628,0.00052663
2632,0.00052513
2636,0.00052563
2640,0.00053003
2644,0.00053243
2648,0.00053393
2652,0.00053733
2656,0.00053933
2660,0.00053883
2664,0.00053543
2668,0.00053543
2672,0.00053933
2676,0.00054323
2680,0.00054323
2684,0.00054233
2688,0.00054083
2692,0.00053883
2696,0.00053833
2700,0.00053883
2704,0.00053783
2708,0.00053933
2712,0.00053933
2716,0.00053983
2720,0.00053933
2724,0.00054033
2728,0.00054233
2732,0.00054423
2736,0.00054763
2740,0.00054373
2744,0.00054473
2748,0.00054223
2752,0.00054183
2756,0.00054373
2760,0.00054623
2764,0.00054523
2768,0.00054663
2772,0.00054863
2776,0.00055013
2780,0.00055013
2784,0.00055253
2788,0.00055353
2792,0.00055063
2796,0.00054863
2800,0.00054863
2804,0.00054813
2808,0.00055153
2812,0.00055403
2816,0.00055593
2820,0.00055453
2824,0.00055353
2828,0.00055543
2832,0.00055833
2836,0.00055743
2840,0.00055693
2844,0.00055643
2848,0.00055883
2852,0.00055983
2856,0.00056373
2860,0.00056673
2864,0.00057013
2868,0.00057163
2872,0.00057163
2876,0.00057063
2880,0.00057113
2884,0.00057403
2888,0.00057403
2892,0.00057203
2896,0.00057163
2900,0.00057503
2904,0.00058183
2908,0.00058143
2912,0.00058043
2916,0.00057993
2920,0.00058233
2924,0.00058133
2928,0.00057983
2932,0.00058183
2936,0.00058383
2940,0.00058473
2944,0.00058623
2948,0.00058673
2952,0.00058623
2956,0.00058573
2960,0.00058673
2964,0.00058623
2968,0.00059213
2972,0.00059653
2976,0.00059703
2980,0.00059263
2984,0.00059263
2988,0.00059263
2992,0.00059403
2996,0.00060483
3000,0.00061023
3004,0.00060873
3008,0.00060433
3012,0.00060433
3016,0.00060283
3020,0.00060573
3024,0.00060623
3028,0.00060673
3032,0.00060773
3036,0.00060673
3040,0.00060523
3044,0.00061063
3048,0.00061413
3052,0.00061903
3056,0.00062093
3060,0.00061903
3064,0.00061703
3068,0.00061553
3072,0.00061363
3076,0.00061163
3080,0.00061213
3084,0.00061403
3088,0.00061503
3092,0.00061553
3096,0.00061603
3100,0.00061463
3104,0.00061503
3108,0.00061853
3112,0.00061803
3116,0.00061993
3120,0.00062043
3124,0.00062093
3128,0.00062393
3132,0.00062633
3136,0.00062443
3140,0.00062393
3144,0.00062143
3148,0.00062443
3152,0.00062733
3156,0.00062783
3160,0.00062833
3164,0.00062683
3168,0.00062683
3172,0.00062733
3176,0.00062643
3180,0.00062933
3184,0.00062833
3188,0.00063173
3192,0.00063223
3196,0.00063133
3200,0.00063473
3204,0.00063283
3208,0.00063233
3212,0.00063183
3216,0.00063283
3220,0.00063183
3224,0.00063773
3228,0.00064013
3232,0.00064163
3236,0.00064113
3240,0.00063873
3244,0.00064023
3248,0.00064073
3252,0.00063923
3256,0.00064263
3260,0.00064703
3264,0.00064713
3268,0.00064853
3272,0.00065303
3276,0.00065983
3280,0.00066573
3284,0.00066083
3288,0.00065543
3292,0.00065593
3296,0.00065103
3300,0.00065093
3304,0.00065093
3308,0.00064853
3312,0.00064843
3316,0.00064993
3320,0.00065143
3324,0.00065633
3328,0.00065483
3332,0.00065723
3336,0.00066263
3340,0.00065923
3344,0.00065923
3348,0.00065863
3352,0.00065763
3356,0.00065813
3360,0.00065763
3364,0.00065913
3368,0.00066053
3372,0.00066253
3376,0.00066153
3380,0.00065863
3384,0.00065953
3388,0.00065853
3392,0.00065803
3396,0.00066053
3400,0.00065803
3404,0.00066153
3408,0.00066293
3412,0.00066003
3416,0.00066043
3420,0.00065943
3424,0.00065553
3428,0.00065853
3432,0.00065803
3436,0.00065853
3440,0.00066093
3444,0.00066043
3448,0.00066433
3452,0.00066433
3456,0.00066433
3460,0.00066773
3464,0.00066433
3468,0.00066533
3472,0.00066183
3476,0.00066383
3480,0.00066333
3484,0.00066923
3488,0.00066723
3492,0.00066433
3496,0.00066623
3500,0.00066723
3504,0.00066723
3508,0.00066863
3512,0.00066723
3516,0.00067063
3520,0.00067503
3524,0.00067503
3528,0.00068233
3532,0.00067993
3536,0.00067943
3540,0.00068233
3544,0.00068183
3548,0.00068043
3552,0.00068093
3556,0.00068093
3560,0.00068483
3564,0.00068533
3568,0.00068283
3572,0.00068283
3576,0.00068383
3580,0.00068433
3584,0.00068733
3588,0.00069063
3592,0.00069163
3596,0.00068823
3600,0.00069313
3604,0.00069213
3608,0.00068683
3612,0.00069023
3616,0.00069163
3620,0.00069213
3624,0.00069213
3628,0.00069163
3632,0.00069563
3636,0.00069703
3640,0.00069703
3644,0.00069513
3648,0.00069213
3652,0.00069463
3656,0.00069163
3660,0.00069023
3664,0.00069163
3668,0.00069163
3672,0.00068873
3676,0.00069263
3680,0.00069173
3684,0.00069503
3688,0.00069413
3692,0.00069703
3696,0.00069653
3700,0.00070443
3704,0.00071573
3708,0.00072893
3712,0.00073823
3716,0.00072353
3720,0.00071273
3724,0.00070983
3728,0.00070833
3732,0.00070933
3736,0.00071123
3740,0.00070883
3744,0.00071473
3748,0.00070533
3752,0.00070733
3756,0.00070733
3760,0.00070393
3764,0.00070783
3768,0.00070883
3772,0.00070593
3776,0.00070643
3780,0.00070683
3784,0.00070593
3788,0.00070683
3792,0.00070593
3796,0.00069853
3800,0.00070343
3804,0.00070343
3808,0.00070203
3812,0.00070243
3816,0.00070343
3820,0.00070453
3824,0.00070693
3828,0.00070493
3832,0.00070693
3836,0.00070593
3840,0.00070793
3844,0.00071283
3848,0.00071473
3852,0.00071573
3856,0.00071373
3860,0.00070993
3864,0.00070943
3868,0.00070503
3872,0.00070453
3876,0.00070643
3880,0.00070403
3884,0.00070063
3888,0.00069573
3892,0.00069473
3896,0.00069963
3900,0.00069863
3904,0.00069373
3908,0.00069623
3912,0.00069373
3916,0.00069083
3920,0.00069433
3924,0.00070113
3928,0.00069973
3932,0.00069963
3936,0.00070063
3940,0.00070213
3944,0.00070073
3948,0.00070023
3952,0.00069823
3956,0.00069773
3960,0.00069773
3964,0.00069723
3968,0.00069913
3972,0.00070063
3976,0.00070303
3980,0.00069863
3984,0.00070303
3988,0.00070153
3992,0.00070303
3996,0.00070253
4000,0.00070443
4004,0.00070733
4008,0.00070783
4012,0.00070783
4016,0.00071173
4020,0.00071373
4024,0.00071323
4028,0.00071173
4032,0.00071123
4036,0.00071313
4040,0.00071463
4044,0.00071713
4048,0.00071223
4052,0.00071413
4056,0.00071513
4060,0.00071463
4064,0.00071553
4068,0.00071503
4072,0.00071553
4076,0.00071803
4080,0.00071603
4084,0.00071553
4088,0.00072043
4092,0.00072043
4096,0.00071893
4100,0.00071943
4104,0.00072143
4108,0.00071943
4112,0.00072133
4116,0.00072483
4120,0.00072383
4124,0.00072383
4128,0.00072623
4132,0.00072673
4136,0.00072573
4140,0.00073213
4144,0.00073063
4148,0.00073413
4152,0.00073313
4156,0.00073163
4160,0.00073463
4164,0.00073313
4168,0.00073013
4172,0.00072973
4176,0.00073123
4180,0.00073023
4184,0.00073123
4188,0.00073023
4192,0.00073023
4196,0.00072973
4200,0.00072673
4204,0.00072873
4208,0.00073163
4212,0.00073263
4216,0.00073313
4220,0.00073363
4224,0.00073563
4228,0.00073803
4232,0.00073663
4236,0.00074103
4240,0.00073753
4244,0.00073713
4248,0.00073663
4252,0.00073713
4256,0.00073613
4260,0.00073663
4264,0.00074053
4268,0.00074393
4272,0.00074643
4276,0.00074393
4280,0.00074643
4284,0.00074293
4288,0.00074353
4292,0.00074303
4296,0.00074543
4300,0.00074093
4304,0.00074203
4308,0.00074053
4312,0.00074253
4316,0.00074143
4320,0.00074243
4324,0.00074643
4328,0.00074743
4332,0.00075083
4336,0.00075033
4340,0.00075183
4344,0.00075323
4348,0.00075273
4352,0.00075663
4356,0.00075623
4360,0.00075913
4364,0.00075763
4368,0.00075513
4372,0.00075323
4376,0.00074433
4380,0.00074633
4384,0.00075123
4388,0.00076103
4392,0.00076443
4396,0.00076443
4400,0.00076593
4404,0.00076093
4408,0.00076393
4412,0.00075953
4416,0.00075603
4420,0.00075753
4424,0.00075403
4428,0.00075653
4432,0.00075503
4436,0.00075603
4440,0.00075553
4444,0.00075893
4448,0.00076043
4452,0.00076093
4456,0.00075793
4460,0.00075403
4464,0.00075303
4468,0.00074913
4472,0.00075013
4476,0.00075893
4480,0.00075943
4484,0.00075853
4488,0.00076193
4492,0.00076493
4496,0.00076203
4500,0.00075613
4504,0.00075073
4508,0.00075123
4512,0.00074783
4516,0.00075083
4520,0.00075183
4524,0.00075333
4528,0.00074843
4532,0.00074943
4536,0.00074983
4540,0.00075083
4544,0.00074833
4548,0.00075323
4552,0.00075563
4556,0.00075803
4560,0.00075313
4564,0.00075013
4568,0.00074133
4572,0.00074033
4576,0.00073593
4580,0.00073783
4584,0.00074463
4588,0.00074953
4592,0.00075693
4596,0.00076373
4600,0.00076073
4604,0.00075773
4608,0.00076223
4612,0.00075823
4616,0.00076503
4620,0.00076453
4624,0.00076403
4628,0.00076603
4632,0.00077143
4636,0.00077473
4640,0.00077793
4644,0.00076933
4648,0.00077083
4652,0.00077223
4656,0.00077713
4660,0.00078063
4664,0.00078203
4668,0.00078303
4672,0.00078203
4676,0.00079083
4680,0.00078783
4684,0.00078883
4688,0.00078983
4692,0.00078583
4696,0.00078783
4700,0.00078433
4704,0.00078243
4708,0.00078633
4712,0.00078383
4716,0.00078533
4720,0.00078773
4724,0.00079213
4728,0.00079263
4732,0.00079213
4736,0.00079163
4740,0.00079613
4744,0.00079123
4748,0.00079123
4752,0.00078683
4756,0.00078533
4760,0.00078383
4764,0.00078583
4768,0.00078483
4772,0.00078483
4776,0.00078283
4780,0.00078683
4784,0.00079753
4788,0.00079753
4792,0.00079753
4796,0.00079073
4800,0.00078613
4804,0.00078263
4808,0.00078063
4812,0.00078013
4816,0.00078403
4820,0.00078993
4824,0.00079433
4828,0.00079233
4832,0.00079473
4836,0.00079583
4840,0.00080313
4844,0.00080423
4848,0.00080863
4852,0.00081013
4856,0.00080863
4860,0.00080613
4864,0.00080023
4868,0.00080123
4872,0.00080223
4876,0.00079923
4880,0.00079683
4884,0.00079533
4888,0.00079043
4892,0.00080073
4896,0.00079873
4900,0.00080313
4904,0.00080563
4908,0.00080413
4912,0.00080463
4916,0.00081093
4920,0.00082033
4924,0.00082183
4928,0.00082183
4932,0.00082723
4936,0.00083753
4940,0.00084003
4944,0.00084103
4948,0.00084943
4952,0.00085143
4956,0.00085683
4960,0.00087053
4964,0.00084123
4968,0.00084023
4972,0.00082953
4976,0.00082903
4980,0.00082663
4984,0.00082183
4988,0.00081983
4992,0.00081743
4996,0.00081363
5000,0.00081613
5004,0.00081073
5008,0.00081033
5012,0.00081763
5016,0.00081233
5020,0.00080993
5024,0.00081383
5028,0.00081143
5032,0.00081003
5036,0.00081103
5040,0.00081433
5044,0.00081233
5048,0.00081233
5052,0.00081813
5056,0.00081563
5060,0.00081603
5064,0.00081853
5068,0.00081853
5072,0.00081663
5076,0.00081913
5080,0.00082063
5084,0.00081963
5088,0.00082073
5092,0.00081883
5096,0.00081443
5100,0.00081833
5104,0.00081673
5108,0.00081623
5112,0.00081523
5116,0.00082153
5120,0.00081803
5124,0.00081603
5128,0.00081203
5132,0.00081443
5136,0.00081583
5140,0.00081483
5144,0.00081633
5148,0.00081873
5152,0.00082013
5156,0.00081763
5160,0.00081413
5164,0.00081653
5168,0.00081803
5172,0.00081403
5176,0.00081453
5180,0.00081843
5184,0.00081653
5188,0.00081793
5192,0.00081693
5196,0.00081593
5200,0.00082183
5204,0.00082083
5208,0.00082083
5212,0.00082183
5216,0.00081793
5220,0.00081983
5224,0.00081843
5228,0.00081843
5232,0.00082183
5236,0.00081893
5240,0.00082183
5244,0.00082193
5248,0.00082383
5252,0.00082333
5256,0.00081993
5260,0.00082193
5264,0.00081993
5268,0.00082333
5272,0.00082583
5276,0.00082333
5280,0.00082253
5284,0.00081923
5288,0.00082113
5292,0.00082403
5296,0.00082503
5300,0.00082693
5304,0.00082303
5308,0.00082403
5312,0.00082343
5316,0.00082933
5320,0.00083033
5324,0.00082653
5328,0.00082693
5332,0.00083003
5336,0.00082803
5340,0.00082953
5344,0.00083143
5348,0.00083193
5352,0.00082953
5356,0.00083143
5360,0.00083243
5364,0.00083343
5368,0.00082943
5372,0.00083243
5376,0.00083143
5380,0.00083433
5384,0.00083343
5388,0.00083293
5392,0.00083193
5396,0.00082753
5400,0.00083333
5404,0.00083093
5408,0.00083283
5412,0.00083683
5416,0.00083883
5420,0.00083293
5424,0.00083933
5428,0.00083743
5432,0.00083793
5436,0.00084483
5440,0.00084093
5444,0.00084093
5448,0.00084343
5452,0.00084893
5456,0.00084793
5460,0.00084463
5464,0.00084753
5468,0.00084903
5472,0.00084913
5476,0.00085213
5480,0.00084923
5484,0.00085813
5488,0.00085863
5492,0.00085473
5496,0.00084783
5500,0.00084213
5504,0.00084353
5508,0.00084363
5512,0.00084173
5516,0.00084083
5520,0.00083643
5524,0.00083833
5528,0.00083483
5532,0.00083433
5536,0.00083333
5540,0.00083613
5544,0.00083273
5548,0.00083023
5552,0.00083163
5556,0.00082523
5560,0.00082773
5564,0.00082473
5568,0.00082573
5572,0.00082423
5576,0.00082233
5580,0.00081893
5584,0.00082393
5588,0.00082043
5592,0.00081903
5596,0.00082103
5600,0.00081473
5604,0.00081433
5608,0.00081573
5612,0.00081133
5616,0.00081373
5620,0.00081513
5624,0.00081313
5628,0.00080673
5632,0.00080813
5636,0.00080463
5640,0.00080463
5644,0.00080063
5648,0.00080063
5652,0.00079473
5656,0.00079663
5660,0.00079913
5664,0.00079463
5668,0.00079363
5672,0.00079753
5676,0.00079943
5680,0.00080093
5684,0.00079893
5688,0.00079643
5692,0.00079643
5696,0.00080323
5700,0.00080123
5704,0.00080173
5708,0.00080713
5712,0.00081003
5716,0.00081393
5720,0.00081143
5724,0.00081493
5728,0.00082173
5732,0.00082223
5736,0.00082363
5740,0.00082113
5744,0.00082213
5748,0.00082163
5752,0.00081673
5756,0.00082213
5760,0.00081623
5764,0.00081573
5768,0.00081523
5772,0.00081673
5776,0.00081333
5780,0.00081673
5784,0.00081913
5788,0.00082363
5792,0.00081773
5796,0.00082113
5800,0.00082263
5804,0.00082313
5808,0.00082703
5812,0.00082503
5816,0.00082603
5820,0.00083283
5824,0.00083433
5828,0.00083773
5832,0.00083873
5836,0.00083823
5840,0.00083923
5844,0.00083683
5848,0.00084173
5852,0.00084563
5856,0.00084273
5860,0.00083933
5864,0.00083683
5868,0.00084273
5872,0.00084223
5876,0.00084463
5880,0.00084613
5884,0.00084613
5888,0.00084613
5892,0.00085103
5896,0.00084613
5900,0.00084073
5904,0.00084123
5908,0.00084273
5912,0.00084173
5916,0.00083633
5920,0.00083583
5924,0.00083983
5928,0.00083883
5932,0.00084023
5936,0.00083833
5940,0.00084223
5944,0.00083733
5948,0.00083773
5952,0.00084123
5956,0.00084023
5960,0.00083383
5964,0.00083723
5968,0.00083923
5972,0.00083923
5976,0.00083673
5980,0.00083673
5984,0.00083273
5988,0.00083273
5992,0.00083493
5996,0.00083623
6000,0.00082933
6004,0.00082783
6008,0.00082923
6012,0.00083113
6016,0.00082863
6020,0.00082913
6024,0.00083253
6028,0.00083693
6032,0.00083153
6036,0.00083843
6040,0.00083403
6044,0.00083983
6048,0.00083393
6052,0.00082953
6056,0.00083733
6060,0.00083583
6064,0.00083193
6068,0.00083983
6072,0.00084173
6076,0.00084123
6080,0.00084323
6084,0.00084473
6088,0.00084713
6092,0.00085153
6096,0.00085103
6100,0.00085243
6104,0.00086033
6108,0.00086663
6112,0.00086373
6116,0.00086273
6120,0.00087203
6124,0.00088333
6128,0.00087493
6132,0.00087543
6136,0.00086373
6140,0.00085643
6144,0.00085493
6148,0.00085203
6152,0.00084953
6156,0.00084563
6160,0.00084263
6164,0.00084363
6168,0.00084173
6172,0.00083733
6176,0.00084623
6180,0.00085013
6184,0.00084643
6188,0.00084223
6192,0.00084913
6196,0.00084863
6200,0.00084523
6204,0.00085113
6208,0.00085163
6212,0.00084913
6216,0.00085463
6220,0.00085603
6224,0.00085603
6228,0.00086233
6232,0.00086283
6236,0.00085743
6240,0.00085993
6244,0.00085943
6248,0.00086633
6252,0.00086283
6256,0.00086093
6260,0.00086433
6264,0.00086723
6268,0.00086533
6272,0.00087113
6276,0.00086773
6280,0.00086723
6284,0.00086873
6288,0.00086483
6292,0.00086673
6296,0.00086483
6300,0.00086913
6304,0.00086323
6308,0.00086763
6312,0.00087163
6316,0.00087063
6320,0.00086913
6324,0.00086523
6328,0.00086523
6332,0.00086083
6336,0.00086323
6340,0.00086423
6344,0.00085833
6348,0.00086373
6352,0.00086813
6356,0.00086373
6360,0.00086223
6364,0.00086123
6368,0.00086713
6372,0.00086663
6376,0.00086373
6380,0.00087103
6384,0.00086563
6388,0.00086913
6392,0.00086613
6396,0.00087153
6400,0.00087053
6404,0.00087153
6408,0.00086963
6412,0.00087203
6416,0.00087113
6420,0.00087253
6424,0.00087453
6428,0.00087603
6432,0.00087593
6436,0.00087353
6440,0.00087993
6444,0.00087743
6448,0.00087303
6452,0.00087403
6456,0.00087703
6460,0.00087453
6464,0.00087503
6468,0.00087353
6472,0.00087163
6476,0.00087503
6480,0.00086913
6484,0.00087503
6488,0.00087113
6492,0.00087503
6496,0.00087113
6500,0.00086963
6504,0.00086873
6508,0.00086963
6512,0.00086823
6516,0.00086963
6520,0.00086773
6524,0.00087063
6528,0.00087013
6532,0.00086473
6536,0.00086623
6540,0.00086773
6544,0.00086423
6548,0.00086233
6552,0.00086033
6556,0.00085593
6560,0.00086033
6564,0.00086133
6568,0.00086083
6572,0.00085783
6576,0.00085733
6580,0.00085683
6584,0.00085053
6588,0.00085293
6592,0.00084903
6596,0.00084513
6600,0.00084763
6604,0.00084363
6608,0.00084413
6612,0.00083683
6616,0.00083923
6620,0.00083483
6624,0.00082893
6628,0.00083193
6632,0.00082803
6636,0.00082313
6640,0.00081673
6644,0.00081673
6648,0.00081623
6652,0.00081283
6656,0.00081083
6660,0.00081673
6664,0.00080933
6668,0.00080943
6672,0.00081233
6676,0.00080503
6680,0.00080453
6684,0.00081093
6688,0.00080643
6692,0.00080943
6696,0.00080743
6700,0.00081333
6704,0.00081143
6708,0.00081143
6712,0.00081723
6716,0.00081143
6720,0.00081583
6724,0.00081583
6728,0.00082563
6732,0.00082323
6736,0.00082463
6740,0.00083153
6744,0.00083153
6748,0.00083303
6752,0.00083983
6756,0.00083843
6760,0.00083793
6764,0.00084093
6768,0.00084233
6772,0.00084823
6776,0.00084623
6780,0.00084673
6784,0.00085213
6788,0.00084773
6792,0.00085073
6796,0.00084973
6800,0.00085323
6804,0.00085223
6808,0.00085663
6812,0.00085113
6816,0.00084633
6820,0.00085073
6824,0.00085023
6828,0.00084333
6832,0.00083893
6836,0.00084333
6840,0.00085073
6844,0.00084823
6848,0.00084923
6852,0.00084873
6856,0.00085513
6860,0.00084973
6864,0.00085123
6868,0.00085273
6872,0.00085373
6876,0.00084873
6880,0.00085063
6884,0.00085023
6888,0.00084923
6892,0.00085073
6896,0.00084193
6900,0.00084433
6904,0.00084193
6908,0.00083653
6912,0.00084583
6916,0.00084533
6920,0.00084773
6924,0.00084133
6928,0.00084573
6932,0.00084373
6936,0.00085163
6940,0.00084673
6944,0.00085553
6948,0.00084773
6952,0.00084323
6956,0.00085113
6960,0.00084523
6964,0.00084423
6968,0.00084423
6972,0.00084233
6976,0.00084273
6980,0.00084423
6984,0.00084373
6988,0.00084323
6992,0.00084273
6996,0.00083983
7000,0.00084223
7004,0.00084223
7008,0.00084323
7012,0.00084623
7016,0.00084573
7020,0.00085113
7024,0.00084963
7028,0.00085013
7032,0.00084713
7036,0.00085013
7040,0.00085303
7044,0.00085643
7048,0.00086043
7052,0.00085643
7056,0.00085543
7060,0.00085403
7064,0.00085693
7068,0.00086333
7072,0.00085693
7076,0.00085893
7080,0.00085703
7084,0.00085703
7088,0.00085453
7092,0.00085503
7096,0.00085113
7100,0.00085203
7104,0.00085303
7108,0.00084573
7112,0.00084813
7116,0.00085643
7120,0.00084813
7124,0.00085253
7128,0.00085253
7132,0.00085943
7136,0.00086133
7140,0.00085503
7144,0.00085163
7148,0.00085993
7152,0.00085943
7156,0.00086043
7160,0.00085553
7164,0.00085363
7168,0.00085213
7172,0.00085703
7176,0.00085453
7180,0.00085453
7184,0.00085903
7188,0.00085703
7192,0.00085653
7196,0.00084773
7200,0.00085503
7204,0.00085063
7208,0.00085213
7212,0.00085013
7216,0.00085603
7220,0.00085463
7224,0.00084923
7228,0.00085163
7232,0.00085463
7236,0.00085213
7240,0.00085413
7244,0.00085463
7248,0.00085463
7252,0.00085803
7256,0.00085553
7260,0.00086003
7264,0.00086053
7268,0.00085663
7272,0.00086003
7276,0.00086153
7280,0.00086103
7284,0.00086493
7288,0.00086643
7292,0.00087033
7296,0.00085953
7300,0.00086643
7304,0.00086833
7308,0.00086543
7312,0.00087033
7316,0.00086893
7320,0.00087083
7324,0.00086983
7328,0.00086543
7332,0.00086153
7336,0.00086153
7340,0.00086493
7344,0.00086693
7348,0.00087033
7352,0.00086933
7356,0.00086593
7360,0.00086843
7364,0.00086833
7368,0.00087273
7372,0.00086883
7376,0.00086733
7380,0.00086543
7384,0.00086783
7388,0.00086593
7392,0.00087373
7396,0.00087133
7400,0.00087523
7404,0.00087183
7408,0.00087623
7412,0.00087723
7416,0.00087473
7420,0.00087823
7424,0.00087623
7428,0.00087183
7432,0.00086983
7436,0.00087383
7440,0.00086843
7444,0.00087043
7448,0.00085763
7452,0.00086453
7456,0.00085613
7460,0.00085613
7464,0.00086053
7468,0.00085613
7472,0.00085323
7476,0.00085273
7480,0.00085813
7484,0.00085863
7488,0.00085473
7492,0.00085523
7496,0.00086253
7500,0.00086353
7504,0.00086893
7508,0.00087093
7512,0.00087333
7516,0.00087583
7520,0.00087873
7524,0.00088613
7528,0.00088423
7532,0.00089743
7536,0.00089103
7540,0.00089453
7544,0.00089253
7548,0.00089003
7552,0.00088803
7556,0.00088023
7560,0.00087973
7564,0.00088563
7568,0.00088273
7572,0.00088123
7576,0.00088363
7580,0.00088663
7584,0.00088263
7588,0.00087823
7592,0.00088123
7596,0.00087633
7600,0.00087183
7604,0.00086793
7608,0.00086793
7612,0.00085913
7616,0.00086643
7620,0.00086343
7624,0.00086833
7628,0.00086193
7632,0.00086833
7636,0.00086593
7640,0.00087333
7644,0.00087963
7648,0.00087573
7652,0.00087773
7656,0.00088263
7660,0.00087923
7664,0.00088063
7668,0.00088793
7672,0.00088553
7676,0.00088703
7680,0.00089583
7684,0.00088753
7688,0.00089293
7692,0.00089193
7696,0.00089683
7700,0.00088603
7704,0.00088803
7708,0.00088703
7712,0.00088403
7716,0.00088603
7720,0.00088653
7724,0.00088503
7728,0.00089243
7732,0.00089043
7736,0.00089043
7740,0.00088843
7744,0.00089143
7748,0.00088303
7752,0.00088303
7756,0.00088013
7760,0.00087813
7764,0.00088153
7768,0.00088443
7772,0.00088983
7776,0.00088843
7780,0.00089523
7784,0.00088643
7788,0.00089283
7792,0.00088543
7796,0.00088833
7800,0.00088393
7804,0.00088003
7808,0.00087753
7812,0.00087663
7816,0.00086583
7820,0.00087313
7824,0.00087563
7828,0.00087513
7832,0.00087463
7836,0.00086773
7840,0.00087463
7844,0.00087063
7848,0.00086573
7852,0.00087453
7856,0.00087063
7860,0.00086573
7864,0.00086223
7868,0.00086623
7872,0.00085983
7876,0.00086323
7880,0.00086273
7884,0.00086223
7888,0.00086513
7892,0.00086123
7896,0.00086173
7900,0.00085923
7904,0.00086613
7908,0.00086663
7912,0.00086173
7916,0.00086953
7920,0.00087203
7924,0.00087883
7928,0.00088913
7932,0.00089753
7936,0.00089993
7940,0.00091123
7944,0.00091573
7948,0.00091663
7952,0.00092263
7956,0.00092603
7960,0.00092703
7964,0.00092893
7968,0.00092743
7972,0.00094663
7976,0.00094813
7980,0.00094223
7984,0.00093773
7988,0.00092743
7992,0.00092203
7996,0.00092453
8000,0.00092303
8004,0.00092103
8008,0.00091473
8012,0.00091623
8016,0.00091473
8020,0.00091673
8024,0.00090733
8028,0.00090883
8032,0.00090983
8036,0.00090343
8040,0.00089753
8044,0.00088973
8048,0.00089603
8052,0.00089163
8056,0.00089063
8060,0.00088973
8064,0.00089363
8068,0.00088973
8072,0.00089063
8076,0.00088723
8080,0.00089213
8084,0.00089553
8088,0.00090193
8092,0.00090343
8096,0.00090643
8100,0.00090883
8104,0.00090203
8108,0.00091233
8112,0.00090933
8116,0.00091083
8120,0.00090243
8124,0.00091473
8128,0.00090933
8132,0.00090733
8136,0.00090153
8140,0.00090053
8144,0.00089363
8148,0.00090053
8152,0.00088633
8156,0.00089463
8160,0.00089663
8164,0.00089713
8168,0.00090153
8172,0.00090063
8176,0.00089963
8180,0.00090203
8184,0.00090013
8188,0.00089663
8192,0.00089663
8196,0.00089963
8200,0.00090053
8204,0.00089563
8208,0.00090003
8212,0.00090063
8216,0.00089573
8220,0.00090303
8224,0.00090163
8228,0.00090203
8232,0.00090653
8236,0.00090393
8240,0.00090503
8244,0.00090653
8248,0.00090403
8252,0.00090063
8256,0.00089523
8260,0.00089423
8264,0.00089723
8268,0.00089913
8272,0.00089863
8276,0.00090013
8280,0.00089963
8284,0.00090353
8288,0.00089813
8292,0.00089663
8296,0.00089713
8300,0.00089413
8304,0.00089173
8308,0.00089063
8312,0.00089163
8316,0.00088333
8320,0.00088623
8324,0.00088773
8328,0.00088713
8332,0.00088713
8336,0.00088083
8340,0.00088663
8344,0.00089403
8348,0.00089553
8352,0.00089253
8356,0.00090433
8360,0.00090423
8364,0.00090573
8368,0.00090383
8372,0.00091063
8376,0.00090823
8380,0.00091013
8384,0.00090623
8388,0.00090813
8392,0.00090373
8396,0.00090423
8400,0.00090173
8404,0.00090373
8408,0.00090313
8412,0.00090513
8416,0.00090073
8420,0.00089923
8424,0.00090413
8428,0.00090703
8432,0.00089923
8436,0.00090213
8440,0.00091103
8444,0.00090853
8448,0.00091543
8452,0.00091053
8456,0.00091833
8460,0.00091923
8464,0.00091293
8468,0.00091973
8472,0.00091633
8476,0.00091973
8480,0.00091583
8484,0.00091823
8488,0.00091283
8492,0.00091533
8496,0.00091143
8500,0.00090743
8504,0.00090253
8508,0.00090843
8512,0.00090843
8516,0.00090593
8520,0.00091333
8524,0.00090943
8528,0.00090993
8532,0.00090893
8536,0.00090843
8540,0.00091723
8544,0.00090943
8548,0.00090893
8552,0.00091333
8556,0.00091143
8560,0.00090843
8564,0.00091683
8568,0.00090853
8572,0.00091393
8576,0.00090553
8580,0.00090803
8584,0.00091493
8588,0.00090903
8592,0.00091483
8596,0.00091393
8600,0.00091533
8604,0.00092023
8608,0.00091973
8612,0.00091783
8616,0.00092173
8620,0.00092323
8624,0.00091633
8628,0.00092563
8632,0.00092563
8636,0.00092963
8640,0.00092713
8644,0.00092913
8648,0.00093553
8652,0.00093353
8656,0.00093653
8660,0.00094043
8664,0.00093603
8668,0.00093313
8672,0.00093953
8676,0.00094343
8680,0.00093703
8684,0.00093753
8688,0.00094043
8692,0.00093553
8696,0.00093603
8700,0.00093653
8704,0.00093313
8708,0.00092723
8712,0.00093303
8716,0.00092913
8720,0.00093163
8724,0.00092863
8728,0.00092773
8732,0.00092923
8736,0.00093213
8740,0.00093163
8744,0.00093503
8748,0.00093213
8752,0.00092923
8756,0.00093313
8760,0.00092673
8764,0.00093553
8768,0.00092963
8772,0.00093943
8776,0.00093993
8780,0.00092663
8784,0.00093303
8788,0.00092963
8792,0.00093053
8796,0.00092473
8800,0.00092663
8804,0.00092163
8808,0.00092413
8812,0.00092113
8816,0.00092113
8820,0.00091483
8824,0.00091333
8828,0.00089813
8832,0.00089463
8836,0.00089463
8840,0.00089213
8844,0.00089953
8848,0.00090003
8852,0.00089853
8856,0.00089513
8860,0.00090003
8864,0.00089853
8868,0.00090883
8872,0.00090583
8876,0.00090443
8880,0.00090493
8884,0.00090143
8888,0.00090983
8892,0.00090633
8896,0.00091663
8900,0.00091273
8904,0.00091563
8908,0.00092993
8912,0.00092253
8916,0.00092203
8920,0.00092303
8924,0.00092353
8928,0.00091563
8932,0.00091953
8936,0.00092743
8940,0.00092693
8944,0.00092893
8948,0.00092983
8952,0.00093083
8956,0.00092893
8960,0.00092203
8964,0.00092893
8968,0.00092743
8972,0.00093963
8976,0.00094313
8980,0.00095143
8984,0.00095983
8988,0.00096373
8992,0.00098533
8996,0.00098333
9000,0.00098333
9004,0.00097943
9008,0.00097243
9012,0.00095433
9016,0.00094263
9020,0.00094353
9024,0.00093523
9028,0.00092783
9032,0.00092293
9036,0.00092193
9040,0.00091653
9044,0.00091463
9048,0.00091313
9052,0.00091553
9056,0.00092003
9060,0.00091853
9064,0.00092243
9068,0.00092733
9072,0.00093373
9076,0.00093033
9080,0.00092933
9084,0.00092733
9088,0.00092043
9092,0.00091213
9096,0.00090963
9100,0.00090423
9104,0.00090423
9108,0.00090533
9112,0.00090283
9116,0.00090433
9120,0.00090433
9124,0.00090243
9128,0.00090243
9132,0.00089993
9136,0.00090533
9140,0.00090873
9144,0.00090923
9148,0.00091123
9152,0.00090443
9156,0.00090933
9160,0.00091033
9164,0.00091183
9168,0.00093533
9172,0.00092163
9176,0.00092213
9180,0.00092463
9184,0.00091723
9188,0.00091093
9192,0.00091783
9196,0.00091823
9200,0.00091983
9204,0.00091583
9208,0.00091733
9212,0.00091193
9216,0.00091143
9220,0.00090743
9224,0.00090893
9228,0.00090303
9232,0.00090103
9236,0.00090343
9240,0.00090053
9244,0.00090143
9248,0.00089993
9252,0.00089453
9256,0.00089013
9260,0.00089943
9264,0.00089403
9268,0.00089853
9272,0.00089993
9276,0.00089403
9280,0.00089453
9284,0.00090333
9288,0.00089303
9292,0.00089103
9296,0.00089393
9300,0.00088803
9304,0.00089003
9308,0.00089053
9312,0.00088213
9316,0.00089053
9320,0.00088993
9324,0.00089433
9328,0.00088553
9332,0.00088743
9336,0.00089623
9340,0.00089523
9344,0.00089523
9348,0.00089723
9352,0.00089083
9356,0.00089083
9360,0.00089173
9364,0.00089913
9368,0.00090503
9372,0.00089763
9376,0.00088823
9380,0.00089073
9384,0.00089463
9388,0.00089953
9392,0.00089313
9396,0.00089163
9400,0.00089363
9404,0.00089013
9408,0.00089643
9412,0.00089693
9416,0.00089843
9420,0.00090133
9424,0.00090963
9428,0.00091503
9432,0.00091453
9436,0.00091353
9440,0.00091843
9444,0.00091013
9448,0.00091203
9452,0.00091243
9456,0.00091493
9460,0.00091933
9464,0.00092813
9468,0.00091043
9472,0.00091433
9476,0.00091923
9480,0.00091383
9484,0.00092563
9488,0.00092313
9492,0.00092703
9496,0.00092753
9500,0.00093193
9504,0.00093193
9508,0.00092743
9512,0.00093043
9516,0.00093583
9520,0.00093923
9524,0.00092893
9528,0.00093093
9532,0.00093083
9536,0.00092053
9540,0.00092593
9544,0.00092393
9548,0.00092143
9552,0.00092093
9556,0.00092633
9560,0.00092483
9564,0.00092683
9568,0.00092343
9572,0.00092673
9576,0.00092923
9580,0.00093213
9584,0.00092923
9588,0.00092433
9592,0.00092383
9596,0.00093363
9600,0.00092813
9604,0.00092873
9608,0.00092673
9612,0.00092223
9616,0.00092723
9620,0.00093113
9624,0.00092913
9628,0.00093013
9632,0.00091983
9636,0.00092133
9640,0.00092023
9644,0.00091243
9648,0.00091583
9652,0.00090753
9656,0.00090943
9660,0.00090753
9664,0.00091093
9668,0.00090943
9672,0.00090703
9676,0.00090743
9680,0.00090793
9684,0.00091083
9688,0.00091573
9692,0.00090793
9696,0.00091773
9700,0.00091913
9704,0.00091673
9708,0.00091863
9712,0.00092063
9716,0.00091913
9720,0.00092653
9724,0.00093683
9728,0.00093143
9732,0.00093583
9736,0.00093833
9740,0.00093293
9744,0.00093833
9748,0.00094853
9752,0.00094223
9756,0.00093483
9760,0.00093973
9764,0.00093723
9768,0.00093483
9772,0.00093823
9776,0.00093433
9780,0.00093383
9784,0.00092843
9788,0.00093873
9792,0.00094313
9796,0.00093973
9800,0.00093923
9804,0.00093433
9808,0.00093873
9812,0.00094023
9816,0.00093773
9820,0.00093523
9824,0.00093233
9828,0.00094063
9832,0.00093723
9836,0.00093133
9840,0.00093133
9844,0.00093383
9848,0.00093473
9852,0.00094113
9856,0.00093183
9860,0.00091763
9864,0.00092003
9868,0.00092793
9872,0.00092693
9876,0.00092493
9880,0.00092593
9884,0.00092983
9888,0.00092203
9892,0.00092643
9896,0.00093523
9900,0.00093133
9904,0.00092833
9908,0.00093423
9912,0.00093183
9916,0.00092443
9920,0.00092643
9924,0.00092343
9928,0.00093273
9932,0.00092493
9936,0.00092933
9940,0.00092633
9944,0.00092983
9948,0.00092933
9952,0.00092783
9956,0.00093473
9960,0.00093473
9964,0.00093123
9968,0.00092533
9972,0.00092983
9976,0.00092343
9980,0.00092153
9984,0.00093233
9988,0.00093033
9992,0.00093183
9996,0.00092933
10000,0.00093133
10004,0.00093373
10008,0.00093323
10012,0.00093273
10016,0.00092593
10020,0.00093373
10024,0.00093523
10028,0.00093423
10032,0.00092983
10036,0.00093713
10040,0.00092003
10044,0.00092053
10048,0.00092783
10052,0.00092883
10056,0.00092443
10060,0.00092493
10064,0.00091503
10068,0.00091413
10072,0.00091013
10076,0.00091163
10080,0.00090873
10084,0.00091063
10088,0.00090573
10092,0.00090963
10096,0.00091213
10100,0.00090913
10104,0.00090283
10108,0.00090773
10112,0.00090473
10116,0.00090523
10120,0.00090863
10124,0.00091113
10128,0.00090723
10132,0.00089643
10136,0.00091113
10140,0.00091703
10144,0.00090813
10148,0.00091403
10152,0.00091993
10156,0.00091163
10160,0.00092433
10164,0.00092483
10168,0.00093023
10172,0.00093613
10176,0.00093123
10180,0.00092133
10184,0.00092343
10188,0.00092433
10192,0.00092133
10196,0.00092143
10200,0.00092923
10204,0.00092333
10208,0.00092573
10212,0.00092873
10216,0.00093553
10220,0.00093163
10224,0.00092723
10228,0.00093063
10232,0.00093113
10236,0.00092573
10240,0.00093503
10244,0.00093853
10248,0.00093943
10252,0.00094633
10256,0.00093753
10260,0.00092573
10264,0.00093013
10268,0.00091983
10272,0.00092333
10276,0.00091983
10280,0.00092083
10284,0.00091743
10288,0.00091393
10292,0.00091103
10296,0.00091593
10300,0.00091143
10304,0.00090553
10308,0.00091483
10312,0.00091923
10316,0.00091923
10320,0.00092373
10324,0.00093053
10328,0.00092643
10332,0.00093213
10336,0.00093213
10340,0.00093013
10344,0.00092963
10348,0.00092813
10352,0.00092463
10356,0.00092413
10360,0.00091423
10364,0.00091963
10368,0.00091863
10372,0.00092503
10376,0.00092603
10380,0.00093283
10384,0.00093233
10388,0.00093673
10392,0.00094063
10396,0.00094453
10400,0.00093523
10404,0.00092543
10408,0.00091363
10412,0.00091163
10416,0.00091363
10420,0.00091313
10424,0.00091073
10428,0.00091463
10432,0.00091413
10436,0.00091653
10440,0.00092003
10444,0.00091853
10448,0.00092003
10452,0.00092483
10456,0.00092973
10460,0.00092833
10464,0.00092733
10468,0.00092043
10472,0.00091413
10476,0.00092683
10480,0.00092343
10484,0.00092783
10488,0.00092243
10492,0.00092093
10496,0.00091703
10500,0.00091503
10504,0.00091313
10508,0.00091263
10512,0.00090673
10516,0.00091263
10520,0.00091653
10524,0.00090573
10528,0.00090773
10532,0.00091163
10536,0.00090913
10540,0.00091213
10544,0.00091403
10548,0.00091743
10552,0.00091993
10556,0.00092283
10560,0.00092433
10564,0.00092483
10568,0.00092393
10572,0.00092683
10576,0.00093123
10580,0.00093123
10584,0.00092873
10588,0.00093173
10592,0.00093173
10596,0.00092243
10600,0.00092093
10604,0.00092293
10608,0.00092143
10612,0.00091893
10616,0.00091153
10620,0.00091353
10624,0.00091793
10628,0.00092583
10632,0.00092143
10636,0.00091943
10640,0.00091353
10644,0.00091943
10648,0.00091553
10652,0.00092433
10656,0.00092623
10660,0.00092573
10664,0.00092423
10668,0.00092723
10672,0.00092573
10676,0.00092473
10680,0.00092523
10684,0.00092133
10688,0.00092283
10692,0.00091793
10696,0.00091943
10700,0.00091503
10704,0.00091103
10708,0.00091003
10712,0.00091303
10716,0.00091153
10720,0.00091053
10724,0.00091403
10728,0.00090853
10732,0.00091293
10736,0.00091593
10740,0.00091693
10744,0.00091153
10748,0.00091743
10752,0.00092033
10756,0.00092563
10760,0.00092673
10764,0.00092773
10768,0.00093453
10772,0.00093303
10776,0.00092713
10780,0.00092713
10784,0.00092023
10788,0.00091833
10792,0.00092033
10796,0.00091443
10800,0.00090313
10804,0.00090263
10808,0.00090503
10812,0.00090013
10816,0.00089573
10820,0.00089723
10824,0.00089573
10828,0.00089913
10832,0.00089523
10836,0.00089373
10840,0.00089423
10844,0.00088643
10848,0.00088933
10852,0.00090013
10856,0.00089033
10860,0.00089813
10864,0.00089573
10868,0.00088743
10872,0.00089763
10876,0.00088883
10880,0.00090113
10884,0.00090113
10888,0.00089083
10892,0.00089813
10896,0.00089423
10900,0.00089963
10904,0.00090303
10908,0.00091383
10912,0.00090743
10916,0.00091233
10920,0.00092013
10924,0.00091333
10928,0.00091483
10932,0.00091673
10936,0.00091823
10940,0.00091873
10944,0.00091873
10948,0.00091523
10952,0.00092973
10956,0.00092833
10960,0.00092733
10964,0.00092043
10968,0.00091413
10972,0.00092683
10976,0.00092343
10980,0.00092783
10984,0.00092243
10988,0.00092093
10992,0.00091703
10996,0.00091503
11000,0.00091313
11004,0.00091263
11008,0.00090673
11012,0.00091263
11016,0.00091653
11020,0.00090573
11024,0.00090773
11028,0.00091163
11032,0.00090913
11036,0.00091213
11040,0.00091403
11044,0.00091743
11048,0.00091993
11052,0.00092283
11056,0.00092433
11060,0.00092483
11064,0.00092393
11068,0.00092683
11072,0.00093123
11076,0.00093123
11080,0.00092873
11084,0.00093173
11088,0.00093173
11092,0.00092243
11096,0.00092093
11100,0.00092293
11104,0.00092143
11108,0.00091893
11112,0.00093453
11116,0.00093203
11120,0.00093843
11124,0.00093843
11128,0.00093743
11132,0.00093403
11136,0.00092673
11140,0.00093023
11144,0.00093753
11148,0.00093663
11152,0.00093623
11156,0.00093343
11160,0.00092803
11164,0.00093493
11168,0.00094523
11172,0.00093443
11176,0.00093203
11180,0.00093543
11184,0.00093053
11188,0.00092423
11192,0.00092863
11196,0.00091923
11200,0.00091343
11204,0.00091973
11208,0.00091683
11212,0.00091833
11216,0.00092323
11220,0.00092323
11224,0.00093303
11228,0.00092853
11232,0.00093103
11236,0.00093443
11240,0.00092173
11244,0.00092663
11248,0.00092313
11252,0.00092613
11256,0.00092663
11260,0.00092173
11264,0.00092073
11268,0.00092023
11272,0.00091333
11276,0.00091183
11280,0.00090793
11284,0.00089613
11288,0.00088733
11292,0.00088983
11296,0.00088393
11300,0.00087763
11304,0.00088933
11308,0.00088243
11312,0.00088583
11316,0.00087853
11320,0.00088143
11324,0.00088393
11328,0.00087263
11332,0.00087993
11336,0.00087903
11340,0.00088153
11344,0.00088443
11348,0.00088643
11352,0.00088343
11356,0.00087563
11360,0.00086773
11364,0.00087363
11368,0.00087313
11372,0.00087603
11376,0.00087263
11380,0.00087513
11384,0.00088093
11388,0.00088983
11392,0.00088933
11396,0.00088833
11400,0.00088983
11404,0.00089323
11408,0.00089913
11412,0.00089613
11416,0.00089073
11420,0.00088873
11424,0.00088093
11428,0.00087943
11432,0.00087943
11436,0.00087743
11440,0.00088183
11444,0.00088533
11448,0.00087793
11452,0.00087943
11456,0.00088133
11460,0.00089263
11464,0.00089903
11468,0.00089413
11472,0.00089223
11476,0.00089463
11480,0.00089363
11484,0.00089313
11488,0.00089513
11492,0.00089803
11496,0.00088973
11500,0.00089073
11504,0.00089213
11508,0.00089663
11512,0.00089263
11516,0.00088573
11520,0.00088523
11524,0.00088573
11528,0.00088863
11532,0.00089303
11536,0.00089113
11540,0.00089553
11544,0.00089653
11548,0.00090283
11552,0.00089993
11556,0.00090193
11560,0.00090383
11564,0.00090143
11568,0.00090773
11572,0.00091163
11576,0.00091653
11580,0.00090623
11584,0.00090473
11588,0.00091213
11592,0.00090573
11596,0.00090663
11600,0.00090473
11604,0.00090813
11608,0.00090813
11612,0.00090673
11616,0.00090323
11620,0.00090133
11624,0.00090323
11628,0.00090423
11632,0.00090623
11636,0.00089843
11640,0.00090133
11644,0.00090433
11648,0.00090923
11652,0.00091663
11656,0.00091283
11660,0.00091673
11664,0.00091823
11668,0.00091973
11672,0.00092963
11676,0.00092963
11680,0.00092923
11684,0.00092493
11688,0.00093423
11692,0.00092943
11696,0.00092603
11700,0.00092563
11704,0.00092963
11708,0.00092963
11712,0.00092923
11716,0.00092493
11720,0.00093423
11724,0.00092943
11728,0.00092603
11732,0.00092563
11736,0.00092963
11740,0.00092963
11744,0.00092923
11748,0.00092493
11752,0.00093423
11756,0.00092943
11760,0.00092603
11764,0.00092563
11768,0.00090503
11772,0.00090503
11776,0.00090253
11780,0.00090453
11784,0.00090993
11788,0.00091333
11792,0.00091923
11796,0.00092463
11800,0.00093053
11804,0.00092953
11808,0.00092363
11812,0.00092613
11816,0.00092463
11820,0.00092713
11824,0.00092663
11828,0.00093453
11832,0.00093203
11836,0.00093843
11840,0.00093843
11844,0.00093743
11848,0.00093403
11852,0.00092673
11856,0.00093023
11860,0.00093753
11864,0.00093663
11868,0.00093623
11872,0.00093343
11876,0.00092803
11880,0.00093493
11884,0.00094523
11888,0.00093443
11892,0.00093203
11896,0.00093543
11900,0.00093053
11904,0.00092423
11908,0.00092863
11912,0.00091923
11916,0.00091343
11920,0.00091973
11924,0.00091683
11928,0.00091833
11932,0.00092323
11936,0.00092323
11940,0.00093303
11944,0.00092853
11948,0.00093103
11952,0.00093443
11956,0.00092173
11960,0.00092663
11964,0.00092313
11968,0.00092613
11972,0.00092663
11976,0.00092173
11980,0.00092973
11984,0.00092833
11988,0.00092733
11992,0.00092043
11996,0.00091413
12000,0.00092683
12004,0.00092343
12008,0.00092783
12012,0.00092243
12016,0.00092093
12020,0.00091703
12024,0.00091503
12028,0.00091313
12032,0.00091263
12036,0.00090673
12040,0.00091263
12044,0.00091653
12048,0.00090573
12052,0.00090773
12056,0.00091163
12060,0.00090913
12064,0.00091213
12068,0.00091403
12072,0.00091743
12076,0.00091993
12080,0.00092283
12084,0.00092433
12088,0.00092483
12092,0.00092393
12096,0.00092683
12100,0.00093123
12104,0.00093123
12108,0.00092873
12112,0.00093173
12116,0.00093173
12120,0.00092243
12124,0.00092093
12128,0.00092293
12132,0.00092143
12136,0.00091893
12140,0.00092973
12144,0.00092833
12148,0.00092733
12152,0.00092043
12156,0.00091413
12160,0.00092683
12164,0.00092343
12168,0.00092783
12172,0.00092243
12176,0.00092093
12180,0.00091703
12184,0.00091503
12188,0.00091313
12192,0.00091263
12196,0.00090673
12200,0.00091263
12204,0.00091653
12208,0.00090573
12212,0.00090773
12216,0.00091163
12220,0.00090913
12224,0.00091213
12228,0.00091403
12232,0.00091743
12236,0.00091993
12240,0.00092283
12244,0.00092433
12248,0.00092483
12252,0.00092393
12256,0.00092683
12260,0.00093123
12264,0.00093123
12268,0.00092873
12272,0.00093173
12276,0.00093173
12280,0.00092243
12284,0.00092093
12288,0.00092293
12292,0.00092143
12296,0.00091893
12300,0.00092713
12304,0.00092913
12308,0.00093553
12312,0.00093353
12316,0.00093653
12320,0.00094043
12324,0.00093603
12328,0.00093313
12332,0.00093953
12336,0.00094343
12340,0.00093703
12344,0.00093753
12348,0.00094043
12352,0.00093553
12356,0.00093603
12360,0.00093653
12364,0.00093313
12368,0.00092723
12372,0.00093303
12376,0.00092913
12380,0.00093163
12384,0.00092863
12388,0.00092773
12392,0.00092923
12396,0.00093213
12400,0.00093163
12404,0.00093503
12408,0.00093213
12412,0.00092923
12416,0.00093313
12420,0.00092673
12424,0.00093553
12428,0.00092963
12432,0.00093943
12436,0.00093993
12440,0.00092663
12444,0.00093303
12448,0.00092963
12452,0.00093053
12456,0.00092473
12460,0.00092663
12464,0.00092163
12468,0.00092413
12472,0.00092113
12476,0.00092113
12480,0.00092563
12484,0.00090503
12488,0.00090503
12492,0.00090253
12496,0.00090453
12500,0.00090993
12504,0.00091333
12508,0.00091923
12512,0.00092463
12516,0.00093053
12520,0.00092953
12524,0.00092363
12528,0.00092613
12532,0.00092463
12536,0.00092713
12540,0.00092663
12544,0.00093453
12548,0.00093203
12552,0.00093843
12556,0.00093843
12560,0.00093743
12564,0.00093403
12568,0.00092673
12572,0.00093023
12576,0.00093753
12580,0.00093663
12584,0.00093623
12588,0.00093343
12592,0.00092803
12596,0.00093493
12600,0.00094523
12604,0.00093443
12608,0.00093203
12612,0.00093543
12616,0.00093053
12620,0.00092423
12624,0.00092863
12628,0.00091923
12632,0.00091343
12636,0.00091973
12640,0.00091683
12644,0.00091833
12648,0.00092323
12652,0.00092323
12656,0.00093303
12660,0.00092853
12664,0.00093103
12668,0.00093443
12672,0.00092173
12676,0.00092663
12680,0.00092313
12684,0.00092613
12688,0.00092663
12692,0.00092173
12696,0.00092073
12700,0.00092023
12704,0.00091333
12708,0.00091183
12712,0.00092973
12716,0.00092833
12720,0.00092733
12724,0.00092043
12728,0.00091413
12732,0.00092683
12736,0.00092343
12740,0.00092783
12744,0.00092243
12748,0.00092093
12752,0.00091703
12756,0.00091503
12760,0.00091313
12764,0.00091263
12768,0.00090673
12772,0.00091263
12776,0.00091653
12780,0.00090573
12784,0.00090773
12788,0.00091163
12792,0.00090913
12796,0.00091213
12800,0.00091403
12804,0.00091743
12808,0.00091993
12812,0.00092283
12816,0.00092433
12820,0.00092483
12824,0.00092393
12828,0.00092683
12832,0.00093123
12836,0.00093123
12840,0.00092873
12844,0.00093173
12848,0.00093173
12852,0.00092243
12856,0.00092093
12860,0.00092293
12864,0.00092143
12868,0.00091893
12872,0.00091656
12876,0.0009147
12880,0.00092045
12884,0.00092006
12888,0.00091966
12892,0.00091927
12896,0.00091888
12900,0.00091849
12904,0.00091809
12908,0.0009177
12912,0.00091731
12916,0.00091692
12920,0.00091652
12924,0.00091613
12928,0.00091574
12932,0.00091535
12936,0.00091496
12940,0.00091456
12944,0.00091417
12948,0.00091378
12952,0.00091339
12956,0.00091299
12960,0.0009126
12964,0.00091221
12968,0.00091182
12972,0.00091142
12976,0.00091103
12980,0.00090283
12984,0.00089993
12988,0.00090193
12992,0.00090383
12996,0.00090143
13000,0.00090773
13004,0.00091163
13008,0.00091653
13012,0.00090623
13016,0.00090473
13020,0.00091213
13024,0.00090573
13028,0.00090663
13032,0.00090473
13036,0.00090813
13040,0.00090813
13044,0.00090673
13048,0.00090323
13052,0.00090133
13056,0.00090323
13060,0.00090423
13064,0.00090623
13068,0.00089843
13072,0.00090133
13076,0.00090433
13080,0.00090923
13084,0.00091663
13088,0.00091283
13092,0.00091673
13096,0.00091823
13100,0.00091973
13104,0.00092963
13108,0.00092963
13112,0.00092923
13116,0.00092493
13120,0.00093423
13124,0.00092943
13128,0.00092603
13132,0.00092563
13136,0.00092963
13140,0.00092963
13144,0.00092923
13148,0.00092493
13152,0.00093423
13156,0.00092943
13160,0.00092603
13164,0.00092563
13168,0.00092963
13172,0.00092963
13176,0.00092923
13180,0.00092493
13184,0.00093423
13188,0.00092943
13192,0.00092603
13196,0.00092563
13200,0.00090503
13204,0.00090503
13208,0.00090253
13212,0.00090453
13216,0.00090993
13220,0.00091333
13224,0.00091923
13228,0.00092463
13232,0.00093053
13236,0.00092953
13240,0.00092363
13244,0.00092613
13248,0.00092463
13252,0.00092713
13256,0.00092663
13260,0.00093453
13264,0.00093203
13268,0.00092023
13272,0.00091973
13276,0.00091783
13280,0.00092173
13284,0.00092323
13288,0.00091633
13292,0.00092563
13296,0.00092563
13300,0.00092963
13304,0.00092713
13308,0.00092913
13312,0.00093553
13316,0.00093353
13320,0.00093653
13324,0.00094043
13328,0.00093603
13332,0.00093313
13336,0.00093953
13340,0.00094343
13344,0.00093703
13348,0.00093753
13352,0.00094043
13356,0.00093553
13360,0.00093603
13364,0.00093653
13368,0.00093313
13372,0.00092723
13376,0.00093303
13380,0.00092913
13384,0.00093163
13388,0.00092863
13392,0.00092773
13396,0.00092923
13400,0.00093213
13404,0.00093163
13408,0.00093503
13412,0.00093213
13416,0.00092923
13420,0.00093313
13424,0.00092673
13428,0.00093553
13432,0.00092963
13436,0.00093943
13440,0.00093993
13444,0.00092663
13448,0.00093303
13452,0.00092963
13456,0.00093053
13460,0.00092473
13464,0.00092663
13468,0.00092163
13472,0.00092413
13476,0.00092113
13480,0.00092113
13484,0.00091832
13488,0.00091684
13492,0.00091536
13496,0.00091389
13500,0.00091241
13504,0.00091093
13508,0.00090945
13512,0.00090797
13516,0.0009065
13520,0.00090502
13524,0.00090354
13528,0.00090206
13532,0.00090058
13536,0.0008991
13540,0.00089763
13544,0.00089615
13548,0.00089467
13552,0.00089319
13556,0.00089171
13560,0.00089613
13564,0.00089073
13568,0.00088873
13572,0.00088093
13576,0.00087943
13580,0.00087943
13584,0.00087743
13588,0.00088183
13592,0.00088533
13596,0.00087793
13600,0.00087943
13604,0.00088133
13608,0.00089263
13612,0.00089903
13616,0.00089413
13620,0.00089223
13624,0.00089463
13628,0.00089363
13632,0.00089313
13636,0.00089513
13640,0.00089803
13644,0.00088973
13648,0.00089073
13652,0.00089213
13656,0.00089663
13660,0.00089263
13664,0.00088573
13668,0.00088523
13672,0.00088573
13676,0.00088863
13680,0.00089303
13684,0.00089113
13688,0.00089553
13692,0.00089653
13696,0.00090283
13700,0.00089993
13704,0.00090193
13708,0.00090383
13712,0.00090143
13716,0.00090773
13720,0.00091163
13724,0.00091653
13728,0.00090623
13732,0.00090473
13736,0.00091213
13740,0.00090573
13744,0.00090663
13748,0.00090473
13752,0.00090813
13756,0.00090813
13760,0.00090673
13764,0.00090323
13768,0.00090133
13772,0.00090323
13776,0.00090423
13780,0.00090623
13784,0.00089843
13788,0.00090133
13792,0.00090433
13796,0.00090923
13800,0.00091663
13804,0.00091283
13808,0.00091673
13812,0.00091823
13816,0.00091973
13820,0.00092963
13824,0.00092963
13828,0.00092923
13832,0.00092493
13836,0.00093423
13840,0.00092943
13844,0.00092603
13848,0.00092563
13852,0.00092963
13856,0.00092963
13860,0.00092923
13864,0.00092493
13868,0.00093423
13872,0.00092943
13876,0.00092603
13880,0.00092563
13884,0.00092963
13888,0.00092963
13892,0.00092923
13896,0.00092493
13900,0.00093423
13904,0.00092943
13908,0.00092603
13912,0.00092563
13916,0.00092023
13920,0.00091973
13924,0.00091783
13928,0.00092173
13932,0.00092323
13936,0.00091633
13940,0.00092563
13944,0.00092563
13948,0.00092963
13952,0.00092713
13956,0.00092913
13960,0.00093553
13964,0.00093353
13968,0.00093653
13972,0.00094043
13976,0.00093603
13980,0.00093313
13984,0.00093953
13988,0.00094343
13992,0.00093703
13996,0.00093753
14000,0.00094043
14004,0.00093553
14008,0.00093603
14012,0.00093653
14016,0.00093313
14020,0.00092723
14024,0.00093303
14028,0.00092913
14032,0.00093163
14036,0.00092863
14040,0.00092773
14044,0.00092923
14048,0.00093213
14052,0.00093163
14056,0.00093503
14060,0.00093213
14064,0.00092923
14068,0.00093313
14072,0.00092673
14076,0.00093553
14080,0.00092963
14084,0.00093943
14088,0.00093993
14092,0.00092663
14096,0.00093303
14100,0.00092963
14104,0.00093053
14108,0.00092473
14112,0.00092663
14116,0.00092163
14120,0.00092413
14124,0.00092113
14128,0.00092113
14132,0.00092023
14136,0.00091973
14140,0.00091783
14144,0.00092173
14148,0.00092323
14152,0.00091633
14156,0.00092563
14160,0.00092563
14164,0.00092963
14168,0.00092713
14172,0.00092913
14176,0.00093553
14180,0.00093353
14184,0.00093653
14188,0.00094043
14192,0.00093603
14196,0.00093313
14200,0.00093953
14204,0.00094343
14208,0.00093703
14212,0.00093753
14216,0.00094043
14220,0.00093553
14224,0.00093603
14228,0.00093653
14232,0.00093313
14236,0.00092723
14240,0.00093303
14244,0.00092913
14248,0.00093163
14252,0.00092863
14256,0.00092773
14260,0.00092923
14264,0.00093213
14268,0.00093163
14272,0.00093503
14276,0.00093213
14280,0.00092923
14284,0.00093313
14288,0.00092673
14292,0.00093553
14296,0.00092963
14300,0.00093943
14304,0.00093993
14308,0.00092663
14312,0.00093303
14316,0.00092963
14320,0.00093053
14324,0.00092473
14328,0.00092663
14332,0.00092163
14336,0.00092413
14340,0.00092113
14344,0.00092113
14348,0.00092023
14352,0.00091973
14356,0.00091783
14360,0.00092173
14364,0.00092323
14368,0.00091633
14372,0.00092563
14376,0.00092563
14380,0.00092963
14384,0.00092713
14388,0.00092913
14392,0.00093553
14396,0.00093353
14400,0.00093653
14404,0.00094043
14408,0.00093603
14412,0.00093313
14416,0.00093953
14420,0.00094343
14424,0.00093703
14428,0.00093753
14432,0.00094043
14436,0.00093553
14440,0.00093603
14444,0.00093653
14448,0.00093313
14452,0.00092723
14456,0.00093303
14460,0.00092913
14464,0.00093163
14468,0.00092863
14472,0.00092773
14476,0.00092923
14480,0.00093213
14484,0.00093163
14488,0.00093503
14492,0.00093213
14496,0.00092923
14500,0.00093313
14504,0.00092673
14508,0.00093553
14512,0.00092963
14516,0.00093943
14520,0.00093993
14524,0.00092663
14528,0.00093303
14532,0.00092963
14536,0.00093053
14540,0.00092473
14544,0.00092663
14548,0.00092163
14552,0.00092413
14556,0.00092113
14560,0.00092113
14564,0.00092023
14568,0.00091973
14572,0.00091783
14576,0.00092173
14580,0.00092323
14584,0.00091633
14588,0.00092563
14592,0.00092563
14596,0.00092963
14600,0.00092713
14604,0.00092913
14608,0.00093553
14612,0.00093353
14616,0.00093653
14620,0.00094043
14624,0.00093603
14628,0.00093313
14632,0.00093953
14636,0.00094343
14640,0.00093703
14644,0.00093753
14648,0.00094043
14652,0.00093553
14656,0.00093603
14660,0.00093653
14664,0.00093313
14668,0.00092723
14672,0.00093303
14676,0.00092913
14680,0.00093163
14684,0.00092863
14688,0.00092773
14692,0.00092923
14696,0.00093213
14700,0.00093163
14704,0.00093503
14708,0.00093213
14712,0.00092923
14716,0.00093313
14720,0.00092673
14724,0.00093553
14728,0.00092963
14732,0.00093943
14736,0.00093993
14740,0.00092663
14744,0.00093303
14748,0.00092963
14752,0.00093053
14756,0.00092473
14760,0.00092663
14764,0.00092163
14768,0.00092413
14772,0.00092113
14776,0.00092113
14780,0.00092023
14784,0.00091973
14788,0.00091783
14792,0.00092173
14796,0.00092323
14800,0.00091633
14804,0.00092563
14808,0.00092563
14812,0.00092963
14816,0.00092713
14820,0.00092913
14824,0.00093553
14828,0.00093353
14832,0.00093653
14836,0.00094043
14840,0.00093603
14844,0.00093313
14848,0.00093953
14852,0.00094343
14856,0.00093703
14860,0.00093753
14864,0.00094043
14868,0.00093553
14872,0.00093603
14876,0.00093653
14880,0.00093313
14884,0.00092723
14888,0.00093303
14892,0.00092913
14896,0.00093163
14900,0.00092863
14904,0.00092773
14908,0.00092923
14912,0.00093213
14916,0.00093163
14920,0.00093503
14924,0.00093213
14928,0.00092923
14932,0.00093313
14936,0.00092673
14940,0.00093553
14944,0.00092963
14948,0.00093943
14952,0.00093993
14956,0.00092663
14960,0.00093303
14964,0.00092963
14968,0.00093053
14972,0.00092473
14976,0.00092663
14980,0.00092163
14984,0.00092413
14988,0.00092113
14992,0.00092113
14996,0.00091513
15000,0.00091213
